jersey,team,name,position,match_id,phase_label,phase_start,phase_end,scan_count,total_minutes,awi_per_minute,coverage_pct
1,1,Manuel Peter Neuer,TW,FCB-HSV,1st half,3330943,3484329,179,51.13,3.5,0.9613
2,1,Dayotchanculle Oswald Upamecano,IVR,FCB-HSV,1st half,3330943,3484329,519,51.13,10.15,0.9916
4,1,Jonathan Glao Tah,IVL,FCB-HSV,1st half,3330943,3484329,782,51.13,15.29,0.9939
6,1,Joshua Walter Kimmich,DMR,FCB-HSV,1st half,3330943,3484329,1113,51.13,21.77,0.9713
7,1,Serge David Gnabry,ZO,FCB-HSV,1st half,3330943,3484329,1041,51.13,20.36,0.9949
9,1,Harry Edward Kane,STZ,FCB-HSV,1st half,3330943,3484329,661,51.13,12.93,0.9787
14,1,Luis Fernando Díaz Marulanda,OLM,FCB-HSV,1st half,3330943,3484329,707,51.13,13.83,0.9822
17,1,Michael Akpovie Olise,ORM,FCB-HSV,1st half,3330943,3484329,624,51.13,12.2,0.9944
27,1,Konrad Laimer,RV,FCB-HSV,1st half,3330943,3484329,793,51.13,15.51,0.9945
44,1,Josip Stanišić,LV,FCB-HSV,1st half,3330943,3484329,415,51.13,8.12,0.9924
45,1,Aleksandar Pavlović,DML,FCB-HSV,1st half,3330943,3484329,833,51.13,16.29,0.9791
3,1,Minjae Kim,,FCB-HSV,1st half,3330943,3484329,0,0.0,0.0,0.0
8,1,Leon Christoph Goretzka,,FCB-HSV,1st half,3330943,3484329,0,0.0,0.0,0.0
26,1,Sven Ulreich,,FCB-HSV,1st half,3330943,3484329,0,0.0,0.0,0.0
40,1,Jonas Kurt Urbig,,FCB-HSV,1st half,3330943,3484329,0,0.0,0.0,0.0
11,1,Nicolas Jackson,STZ,FCB-HSV,1st half,3330943,3484329,0,0.0,0.0,0.0
20,1,Tom Bischof,LV,FCB-HSV,1st half,3330943,3484329,0,0.0,0.0,0.0
22,1,Raphaël Adelino José Guerreiro,LV,FCB-HSV,1st half,3330943,3484329,0,0.0,0.0,0.0
23,1,Sacha Boey,RV,FCB-HSV,1st half,3330943,3484329,0,0.0,0.0,0.0
42,1,Lennart Karl,ORM,FCB-HSV,1st half,3330943,3484329,0,0.0,0.0,0.0
1,0,Daniel Heuer Fernandes,TW,FCB-HSV,1st half,3330943,3484329,310,51.13,6.06,0.9959
2,0,William Mikelbrencis,DRM,FCB-HSV,1st half,3330943,3484329,887,51.13,17.35,1.0
11,0,Ransford-Yeboah Königsdörffer,STZ,FCB-HSV,1st half,3330943,3484329,554,51.13,10.84,0.9911
17,0,Warmed Omari,IVR,FCB-HSV,1st half,3330943,3484329,631,51.13,12.34,0.9913
20,0,Fábio Daniel Ferreira Vieira,RA,FCB-HSV,1st half,3330943,3484329,1091,51.13,21.34,0.9949
21,0,Nicolai Remberg,DMR,FCB-HSV,1st half,3330943,3484329,1049,51.13,20.52,1.0
22,0,Aboubaka Soumahoro,IVL,FCB-HSV,1st half,3330943,3484329,918,51.13,17.95,0.9978
24,0,Nicolas Capaldo Taboas,DML,FCB-HSV,1st half,3330943,3484329,1000,51.13,19.56,1.0
28,0,Miro Max Maria Muheim,DLM,FCB-HSV,1st half,3330943,3484329,551,51.13,10.78,0.9962
44,0,Luka Vušković,IVZ,FCB-HSV,1st half,3330943,3484329,908,51.13,17.76,0.9992
38,0,Alexander Rössing-Lelesiit,LA,FCB-HSV,1st half,3330943,3484329,571,51.13,11.17,0.9935
3,0,Noah Katterbach,,FCB-HSV,1st half,3330943,3484329,0,0.0,0.0,0.0
6,0,Albert-Mboyo Sambi Lokonga,,FCB-HSV,1st half,3330943,3484329,0,0.0,0.0,0.0
26,0,Daniel Peretz,,FCB-HSV,1st half,3330943,3484329,0,0.0,0.0,0.0
29,0,Emir Sahiti,,FCB-HSV,1st half,3330943,3484329,0,0.0,0.0,0.0
8,0,Daniel Elfadli,IVL,FCB-HSV,1st half,3330943,3484329,0,0.0,0.0,0.0
9,0,Robert-Nesta Glatzel,STZ,FCB-HSV,1st half,3330943,3484329,0,0.0,0.0,0.0
14,0,Rayan Philippe,LA,FCB-HSV,1st half,3330943,3484329,0,0.0,0.0,0.0
23,0,Jonas Meffert,DMR,FCB-HSV,1st half,3330943,3484329,0,0.0,0.0,0.0
45,0,Fabio Amado Uri Baldé,RA,FCB-HSV,1st half,3330943,3484329,0,0.0,0.0,0.0
1,1,Manuel Peter Neuer,TW,FCB-HSV,2nd half,3536417,3678119,155,47.23,3.28,0.9547
2,1,Dayotchanculle Oswald Upamecano,IVR,FCB-HSV,2nd half,3536417,3678119,0,0.0,0.0,0.0
4,1,Jonathan Glao Tah,IVL,FCB-HSV,2nd half,3536417,3678119,703,47.23,14.88,1.0
6,1,Joshua Walter Kimmich,DMR,FCB-HSV,2nd half,3536417,3678119,999,47.23,21.15,1.0
7,1,Serge David Gnabry,ZO,FCB-HSV,2nd half,3536417,3678119,0,0.0,0.0,0.0
9,1,Harry Edward Kane,STZ,FCB-HSV,2nd half,3536417,3678119,274,47.23,5.8,0.3809
14,1,Luis Fernando Díaz Marulanda,OLM,FCB-HSV,2nd half,3536417,3678119,341,47.23,7.22,0.6393
17,1,Michael Akpovie Olise,ORM,FCB-HSV,2nd half,3536417,3678119,757,47.23,16.03,0.995
27,1,Konrad Laimer,RV,FCB-HSV,2nd half,3536417,3678119,612,47.23,12.96,0.992
44,1,Josip Stanišić,LV,FCB-HSV,2nd half,3536417,3678119,452,47.23,9.57,0.9894
45,1,Aleksandar Pavlović,DML,FCB-HSV,2nd half,3536417,3678119,678,47.23,14.35,0.9914
3,1,Minjae Kim,,FCB-HSV,2nd half,3536417,3678119,0,0.0,0.0,0.0
8,1,Leon Christoph Goretzka,,FCB-HSV,2nd half,3536417,3678119,0,0.0,0.0,0.0
26,1,Sven Ulreich,,FCB-HSV,2nd half,3536417,3678119,0,0.0,0.0,0.0
40,1,Jonas Kurt Urbig,,FCB-HSV,2nd half,3536417,3678119,0,0.0,0.0,0.0
11,1,Nicolas Jackson,STZ,FCB-HSV,2nd half,3536417,3678119,596,47.23,12.62,0.9853
20,1,Tom Bischof,LV,FCB-HSV,2nd half,3536417,3678119,662,47.23,14.02,0.6101
22,1,Raphaël Adelino José Guerreiro,LV,FCB-HSV,2nd half,3536417,3678119,341,47.23,7.22,0.3786
23,1,Sacha Boey,RV,FCB-HSV,2nd half,3536417,3678119,130,47.23,2.75,0.3492
42,1,Lennart Karl,ORM,FCB-HSV,2nd half,3536417,3678119,333,47.23,7.05,0.619
1,0,Daniel Heuer Fernandes,TW,FCB-HSV,2nd half,3536417,3678119,253,47.23,5.36,0.9835
2,0,William Mikelbrencis,DRM,FCB-HSV,2nd half,3536417,3678119,709,47.23,15.01,0.9829
11,0,Ransford-Yeboah Königsdörffer,STZ,FCB-HSV,2nd half,3536417,3678119,262,47.23,5.55,0.6595
17,0,Warmed Omari,IVR,FCB-HSV,2nd half,3536417,3678119,507,47.23,10.73,0.9968
20,0,Fábio Daniel Ferreira Vieira,RA,FCB-HSV,2nd half,3536417,3678119,633,47.23,13.4,0.6577
21,0,Nicolai Remberg,DMR,FCB-HSV,2nd half,3536417,3678119,883,47.23,18.69,1.0
22,0,Aboubaka Soumahoro,IVL,FCB-HSV,2nd half,3536417,3678119,0,0.0,0.0,0.0
24,0,Nicolas Capaldo Taboas,DML,FCB-HSV,2nd half,3536417,3678119,0,0.0,0.0,0.0
28,0,Miro Max Maria Muheim,DLM,FCB-HSV,2nd half,3536417,3678119,454,47.23,9.61,0.9988
44,0,Luka Vušković,IVZ,FCB-HSV,2nd half,3536417,3678119,866,47.23,18.33,1.0
38,0,Alexander Rössing-Lelesiit,LA,FCB-HSV,2nd half,3536417,3678119,0,0.0,0.0,0.0
3,0,Noah Katterbach,,FCB-HSV,2nd half,3536417,3678119,0,0.0,0.0,0.0
6,0,Albert-Mboyo Sambi Lokonga,,FCB-HSV,2nd half,3536417,3678119,0,0.0,0.0,0.0
26,0,Daniel Peretz,,FCB-HSV,2nd half,3536417,3678119,0,0.0,0.0,0.0
29,0,Emir Sahiti,,FCB-HSV,2nd half,3536417,3678119,0,0.0,0.0,0.0
8,0,Daniel Elfadli,IVL,FCB-HSV,2nd half,3536417,3678119,746,47.23,15.79,1.0
9,0,Robert-Nesta Glatzel,STZ,FCB-HSV,2nd half,3536417,3678119,279,47.23,5.91,0.3538
14,0,Rayan Philippe,LA,FCB-HSV,2nd half,3536417,3678119,945,47.23,20.01,0.9952
23,0,Jonas Meffert,DMR,FCB-HSV,2nd half,3536417,3678119,841,47.23,17.8,0.9991
45,0,Fabio Amado Uri Baldé,RA,FCB-HSV,2nd half,3536417,3678119,183,47.23,3.87,0.3469
