jersey,team,name,position,match_id,phase_label,phase_start,phase_end,mean_pqi,median_pqi,std_pqi,n_press_frames,orientation_mean,stance_mean,proximity_mean,press_minutes,coverage_pct
23,1,Sacha Boey,RV,FCB-HSV,1st half,3330943,3484329,,,,0,,,,0.0,0.0
45,1,Aleksandar Pavlović,DML,FCB-HSV,1st half,3330943,3484329,62.73198352962961,63.94994230964856,16.180319521992246,150179,57.88438850574985,36.184697692169195,95.74272939892971,50.059666666666665,0.9790855809162445
27,1,Konrad Laimer,RV,FCB-HSV,1st half,3330943,3484329,59.36691321001595,59.89354230921181,16.750371267702846,152539,49.011183539003284,37.43688303978323,95.10458294159889,50.846333333333334,0.994471500192324
14,1,Luis Fernando Díaz Marulanda,OLM,FCB-HSV,1st half,3330943,3484329,58.954233388089335,59.605359330938796,16.74588417279094,150663,49.875399220552765,35.48888918704924,94.52468981251157,50.221000000000004,0.9822409982593049
3,1,Minjae Kim,,FCB-HSV,1st half,3330943,3484329,,,,0,,,,0.0,0.0
17,0,Warmed Omari,IVR,FCB-HSV,1st half,3330943,3484329,59.51311198175604,59.69741328287475,16.439965174491906,152047,49.75414904936134,37.21831143299441,94.81986310704391,50.68233333333333,0.9912639271907007
28,0,Miro Max Maria Muheim,DLM,FCB-HSV,1st half,3330943,3484329,58.439662307085655,58.97372537544818,16.457802543991875,152803,48.34990889416114,34.99372725490984,95.33860190982753,50.934333333333335,0.9961926369249023
8,0,Daniel Elfadli,IVL,FCB-HSV,1st half,3330943,3484329,,,,0,,,,0.0,0.0
1,0,Daniel Heuer Fernandes,TW,FCB-HSV,1st half,3330943,3484329,67.47777216348067,67.51795408869215,14.979880332121557,152755,72.81586625478509,35.390644818698306,92.44744071985713,50.91833333333333,0.9958797029735245
7,1,Serge David Gnabry,ZO,FCB-HSV,1st half,3330943,3484329,60.51625810559301,61.38824023710863,16.602998420596844,152611,52.9830622437945,35.309282969108615,95.76749439114208,50.87033333333333,0.9949409011193908
40,1,Jonas Kurt Urbig,,FCB-HSV,1st half,3330943,3484329,,,,0,,,,0.0,0.0
21,0,Nicolai Remberg,DMR,FCB-HSV,1st half,3330943,3484329,63.73074354504115,64.74776321927061,16.359406128958693,153387,57.5787806393308,39.806994708526794,95.85710958916933,51.129,1.0
22,1,Raphaël Adelino José Guerreiro,LV,FCB-HSV,1st half,3330943,3484329,,,,0,,,,0.0,0.0
20,1,Tom Bischof,LV,FCB-HSV,1st half,3330943,3484329,,,,0,,,,0.0,0.0
23,0,Jonas Meffert,DMR,FCB-HSV,1st half,3330943,3484329,,,,0,,,,0.0,0.0
45,0,Fabio Amado Uri Baldé,RA,FCB-HSV,1st half,3330943,3484329,,,,0,,,,0.0,0.0
3,0,Noah Katterbach,,FCB-HSV,1st half,3330943,3484329,,,,0,,,,0.0,0.0
14,0,Rayan Philippe,LA,FCB-HSV,1st half,3330943,3484329,,,,0,,,,0.0,0.0
9,1,Harry Edward Kane,STZ,FCB-HSV,1st half,3330943,3484329,60.68037072668882,61.603360765138675,17.038671816119233,150119,52.669911619487,36.58670480777005,95.45464878854337,50.03966666666667,0.9786944134770221
42,1,Lennart Karl,ORM,FCB-HSV,1st half,3330943,3484329,,,,0,,,,0.0,0.0
11,1,Nicolas Jackson,STZ,FCB-HSV,1st half,3330943,3484329,,,,0,,,,0.0,0.0
44,1,Josip Stanišić,LV,FCB-HSV,1st half,3330943,3484329,59.96798781990516,60.634269100612784,16.568617329266402,152227,52.92302665522721,35.15278006701947,94.1764771256948,50.742333333333335,0.9924374295083678
26,1,Sven Ulreich,,FCB-HSV,1st half,3330943,3484329,,,,0,,,,0.0,0.0
2,1,Dayotchanculle Oswald Upamecano,IVR,FCB-HSV,1st half,3330943,3484329,62.631292148811326,63.45881710493156,15.882221500524064,152103,58.47745159223037,35.7892812656506,95.01175710741335,50.701,0.9916290168006415
38,0,Alexander Rössing-Lelesiit,LA,FCB-HSV,1st half,3330943,3484329,61.982585682860574,63.11059648809443,16.524772500479642,152387,55.45911676049352,37.592799602334715,95.07033032654249,50.79566666666666,0.9934805426796274
6,1,Joshua Walter Kimmich,DMR,FCB-HSV,1st half,3330943,3484329,64.67716571329477,66.03577479570713,16.025970077084896,148991,61.450049719888746,37.637635958009426,96.01951679312151,49.66366666666667,0.9713404656196418
29,0,Emir Sahiti,,FCB-HSV,1st half,3330943,3484329,,,,0,,,,0.0,0.0
20,0,Fábio Daniel Ferreira Vieira,RA,FCB-HSV,1st half,3330943,3484329,60.13521840477758,61.065900229747754,16.565546019025398,152599,53.79129278728009,33.52429179886332,95.20471250068847,50.86633333333334,0.9948626676315464
22,0,Aboubaka Soumahoro,IVL,FCB-HSV,1st half,3330943,3484329,62.42672771838144,63.3526607902314,15.930959144304156,153043,56.654349880265556,37.062949069943606,95.48701015097377,51.01433333333333,0.9977573066817919
4,1,Jonathan Glao Tah,IVL,FCB-HSV,1st half,3330943,3484329,61.39130345391055,62.01871747991261,15.321261913746454,152451,56.89783506389383,34.00606238897987,94.76783570553019,50.817,0.9938977879481312
17,1,Michael Akpovie Olise,ORM,FCB-HSV,1st half,3330943,3484329,59.108472768797846,59.8299268930257,16.577601048445004,152523,50.668599385421956,34.29143544237055,95.17867460639296,50.841,0.994367188875198
9,0,Robert-Nesta Glatzel,STZ,FCB-HSV,1st half,3330943,3484329,,,,0,,,,0.0,0.0
8,1,Leon Christoph Goretzka,,FCB-HSV,1st half,3330943,3484329,,,,0,,,,0.0,0.0
11,0,Ransford-Yeboah Königsdörffer,STZ,FCB-HSV,1st half,3330943,3484329,62.18963510736213,63.42294027772009,15.950626388867068,152019,58.132104666892964,34.5225480737513,95.26676272826516,50.673,0.9910813823857302
44,0,Luka Vušković,IVZ,FCB-HSV,1st half,3330943,3484329,61.78555082179726,62.437075406509194,16.034835513874267,153271,53.311317752235965,39.540755344802356,95.32932372487392,51.090333333333334,0.9992437429508367
1,1,Manuel Peter Neuer,TW,FCB-HSV,1st half,3330943,3484329,64.54676969732759,65.15302636772866,14.85096762156741,147447,67.75804129367283,33.938500509713194,90.87334342314838,49.149,0.9612744235169864
2,0,William Mikelbrencis,DRM,FCB-HSV,1st half,3330943,3484329,59.52998378899221,60.133049580808034,16.417789868636078,153387,51.42795719287745,36.13099635747583,93.7316733486616,51.129,1.0
24,0,Nicolas Capaldo Taboas,DML,FCB-HSV,1st half,3330943,3484329,60.53534166173772,61.27100167428323,16.70570015708335,153387,52.14914018977047,36.23682509657422,96.01546018952418,51.129,1.0
26,0,Daniel Peretz,,FCB-HSV,1st half,3330943,3484329,,,,0,,,,0.0,0.0
6,0,Albert-Mboyo Sambi Lokonga,,FCB-HSV,1st half,3330943,3484329,,,,0,,,,0.0,0.0
23,1,Sacha Boey,RV,FCB-HSV,2nd half,3536417,3678119,60.38140382971502,61.21155972386312,16.003069614363316,49481,53.648426346178326,34.108071639737574,95.63203933107472,16.493666666666666,0.3491880905838267
45,1,Aleksandar Pavlović,DML,FCB-HSV,2nd half,3536417,3678119,62.11515358078576,63.14300836831049,16.11806644614535,140479,57.40440752526232,34.30619878968595,96.2051031125835,46.82633333333333,0.9913622153377134
27,1,Konrad Laimer,RV,FCB-HSV,2nd half,3536417,3678119,59.11395143588199,59.61363409353293,16.806090216938877,140571,49.31168616986562,36.48600422152226,94.81158567159689,46.857,0.9920114605901075
14,1,Luis Fernando Díaz Marulanda,OLM,FCB-HSV,2nd half,3536417,3678119,59.917083473551514,60.49705144958483,16.812957973072184,90594,52.21253686770371,35.34093903477424,94.76595672012591,30.198,0.639323091254243
3,1,Minjae Kim,,FCB-HSV,2nd half,3536417,3678119,,,,0,,,,0.0,0.0
17,0,Warmed Omari,IVR,FCB-HSV,2nd half,3536417,3678119,60.77697646585853,61.339975628864885,16.113569077776734,141251,52.914748084383405,37.07125408405878,94.96567002295846,47.083666666666666,0.9968102298469333
28,0,Miro Max Maria Muheim,DLM,FCB-HSV,2nd half,3536417,3678119,59.536315349551586,60.48644194563852,16.441967168845427,141531,51.337762693653175,34.481428333379284,95.52260590692178,47.177,0.9987861936585676
8,0,Daniel Elfadli,IVL,FCB-HSV,2nd half,3536417,3678119,63.008520518419054,63.843768115512944,16.078078101067877,141703,57.838723920693134,37.37898689261842,95.53111627452091,47.23433333333333,1.0
1,0,Daniel Heuer Fernandes,TW,FCB-HSV,2nd half,3536417,3678119,68.49135956243417,68.1660916353665,14.763826039712534,139367,74.97136694349919,36.03158972415987,92.31111955928849,46.455666666666666,0.9835148162000804
7,1,Serge David Gnabry,ZO,FCB-HSV,2nd half,3536417,3678119,,,,0,,,,0.0,0.0
40,1,Jonas Kurt Urbig,,FCB-HSV,2nd half,3536417,3678119,,,,0,,,,0.0,0.0
21,0,Nicolai Remberg,DMR,FCB-HSV,2nd half,3536417,3678119,64.77783095396691,65.5415935343973,15.938579177464844,141703,61.299619967713824,37.93311965712181,96.26015689914946,47.23433333333333,1.0
22,1,Raphaël Adelino José Guerreiro,LV,FCB-HSV,2nd half,3536417,3678119,59.26883044556958,59.236902386905655,16.197663063501416,53650,49.27372497002184,37.321377213660945,94.54309097820855,17.883333333333333,0.37860878033633727
20,1,Tom Bischof,LV,FCB-HSV,2nd half,3536417,3678119,62.177430556866625,62.90127643569073,16.244303773033696,86449,56.44538393028499,36.7779711974835,95.21961875169195,28.816333333333333,0.610071769828444
23,0,Jonas Meffert,DMR,FCB-HSV,2nd half,3536417,3678119,61.13906781132546,61.96318488584491,16.21769679496858,141571,55.50061686407571,33.48457227244225,96.31149794654168,47.190333333333335,0.9990684742030868
45,0,Fabio Amado Uri Baldé,RA,FCB-HSV,2nd half,3536417,3678119,62.09782185683317,62.804366437569556,16.062027433211263,49153,56.813157408182356,35.693236003669284,95.54862697486482,16.384333333333334,0.34687339011876955
3,0,Noah Katterbach,,FCB-HSV,2nd half,3536417,3678119,,,,0,,,,0.0,0.0
14,0,Rayan Philippe,LA,FCB-HSV,2nd half,3536417,3678119,62.16852660356565,62.8847795984953,16.72547167467721,141019,54.96246469460448,38.33388205000535,95.61125370240757,47.00633333333334,0.9951730026887222
9,1,Harry Edward Kane,STZ,FCB-HSV,2nd half,3536417,3678119,60.54974571129263,60.794092649551146,15.750429000845221,53974,52.752096246045845,35.5654724499644,95.93088492628321,17.991333333333333,0.3808952527469425
42,1,Lennart Karl,ORM,FCB-HSV,2nd half,3536417,3678119,61.87374692564451,63.0604097884996,16.235089487630443,87721,57.81593239279727,33.55283769773493,95.60507553068372,29.240333333333336,0.6190482911441536
11,1,Nicolas Jackson,STZ,FCB-HSV,2nd half,3536417,3678119,61.065814869548205,61.790159669548906,16.217636576188323,139627,55.526670570915286,34.06077447924567,95.45638099136131,46.54233333333333,0.9853496397394551
44,1,Josip Stanišić,LV,FCB-HSV,2nd half,3536417,3678119,61.81657875303828,62.94613508612878,15.849456059153765,140195,58.2048689832746,33.352481317735865,95.0962892146922,46.73166666666667,0.9893580234716273
26,1,Sven Ulreich,,FCB-HSV,2nd half,3536417,3678119,,,,0,,,,0.0,0.0
2,1,Dayotchanculle Oswald Upamecano,IVR,FCB-HSV,2nd half,3536417,3678119,,,,0,,,,0.0,0.0
38,0,Alexander Rössing-Lelesiit,LA,FCB-HSV,2nd half,3536417,3678119,,,,0,,,,0.0,0.0
6,1,Joshua Walter Kimmich,DMR,FCB-HSV,2nd half,3536417,3678119,65.69664120666748,66.31415134629292,15.135553342819778,141703,62.743493794643676,38.64086382629516,96.6899484697382,47.23433333333333,1.0
29,0,Emir Sahiti,,FCB-HSV,2nd half,3536417,3678119,,,,0,,,,0.0,0.0
20,0,Fábio Daniel Ferreira Vieira,RA,FCB-HSV,2nd half,3536417,3678119,62.05611786335321,62.95176241782218,16.29266463134117,93198,57.751154858311665,33.807444511451145,96.04474188864397,31.066,0.657699554702441
22,0,Aboubaka Soumahoro,IVL,FCB-HSV,2nd half,3536417,3678119,,,,0,,,,0.0,0.0
4,1,Jonathan Glao Tah,IVL,FCB-HSV,2nd half,3536417,3678119,62.31370792680203,62.90808506481157,15.54158382412751,141703,58.56432556623731,34.193523853790076,95.43306848056694,47.23433333333333,1.0
17,1,Michael Akpovie Olise,ORM,FCB-HSV,2nd half,3536417,3678119,60.934405327898936,61.767832714493245,16.19689630266582,140991,54.051945621988985,35.155343937396836,95.89007965961433,46.997,0.9949754063075588
9,0,Robert-Nesta Glatzel,STZ,FCB-HSV,2nd half,3536417,3678119,61.84861783029875,63.01696449343498,16.18336450289622,50129,57.45953902645198,34.06073027498293,95.48861045741026,16.709666666666667,0.3537610354050373
8,1,Leon Christoph Goretzka,,FCB-HSV,2nd half,3536417,3678119,,,,0,,,,0.0,0.0
11,0,Ransford-Yeboah Königsdörffer,STZ,FCB-HSV,2nd half,3536417,3678119,64.74189964083834,65.61956488913074,15.296851098975926,93448,63.3898838455695,35.812949370809356,95.47353763789243,31.149333333333335,0.6594638081056858
44,0,Luka Vušković,IVZ,FCB-HSV,2nd half,3536417,3678119,63.7138106434553,64.26773130680982,16.233852972452677,141703,57.33527430007257,40.4892953346199,95.44304107680104,47.23433333333333,1.0
1,1,Manuel Peter Neuer,TW,FCB-HSV,2nd half,3536417,3678119,65.27141603725579,65.62838866961101,14.760125215567202,135279,68.5671513718751,34.9941046399736,91.1544136550456,45.092999999999996,0.9546657445502212
2,0,William Mikelbrencis,DRM,FCB-HSV,2nd half,3536417,3678119,60.89543305793933,61.84079898487848,16.218287706823734,139279,55.17175216698121,35.43680349927022,93.98563713788594,46.42633333333333,0.9828937990021382
24,0,Nicolas Capaldo Taboas,DML,FCB-HSV,2nd half,3536417,3678119,,,,0,,,,0.0,0.0
26,0,Daniel Peretz,,FCB-HSV,2nd half,3536417,3678119,,,,0,,,,0.0,0.0
6,0,Albert-Mboyo Sambi Lokonga,,FCB-HSV,2nd half,3536417,3678119,,,,0,,,,0.0,0.0
23,1,Dan-Axel Zagadou,,BVB-VFB,1st half,2790134,2935531,61.80387571903584,62.79886619232599,15.830744716727171,145398,57.292768568388595,35.15675335689115,94.46580761537683,48.466,1.0
4,0,Nico Cedric Schlotterbeck,IVL,BVB-VFB,1st half,2790134,2935531,,,,0,,,,0.0,0.0
27,1,Badredine Bouanani,,BVB-VFB,1st half,2790134,2935531,,,,0,,,,0.0,0.0
3,1,Ramon Hendriks,IVL,BVB-VFB,1st half,2790134,2935531,61.845370610943256,62.60694361059325,15.481364574440153,145398,58.03892500556171,34.18244857536306,94.58355345369887,48.466,1.0
17,0,Carney Chibueze Chukwuemeka,OHL,BVB-VFB,1st half,2790134,2935531,,,,0,,,,0.0,0.0
28,0,Aarón Anselmino,,BVB-VFB,1st half,2790134,2935531,,,,0,,,,0.0,0.0
8,0,Felix Kalu Nmecha,DML,BVB-VFB,1st half,2790134,2935531,62.67358276393979,63.492951819813186,16.357510715043567,145398,56.44428403030539,38.4505238182949,95.20237335443055,48.466,1.0
10,0,Julian Brandt,OHR,BVB-VFB,1st half,2790134,2935531,,,,0,,,,0.0,0.0
1,0,Gregor Kobel,TW,BVB-VFB,1st half,2790134,2935531,,,,0,,,,0.0,0.0
16,1,Atakan Karazor,DMR,BVB-VFB,1st half,2790134,2935531,,,,0,,,,0.0,0.0
7,1,Maximilian Mittelstädt,IVL,BVB-VFB,1st half,2790134,2935531,65.29140516890817,66.23178257406192,15.433103764688202,144818,62.185175986012,39.080189833523,95.64425941482158,48.272666666666666,0.9960109492565234
18,1,Jamie Leweling,DLM,BVB-VFB,1st half,2790134,2935531,,,,0,,,,0.0,0.0
29,1,Finn Jeltsch,IVR,BVB-VFB,1st half,2790134,2935531,,,,0,,,,0.0,0.0
21,0,Fabio Daniel Soares Silva,OHL,BVB-VFB,1st half,2790134,2935531,,,,0,,,,0.0,0.0
22,1,Lorenz Assignon,DRM,BVB-VFB,1st half,2790134,2935531,,,,0,,,,0.0,0.0
23,0,Emre Can,IVZ,BVB-VFB,1st half,2790134,2935531,,,,0,,,,0.0,0.0
3,0,Waldemar Anton,IVR,BVB-VFB,1st half,2790134,2935531,,,,0,,,,0.0,0.0
14,0,Maximilian Beier,DLM,BVB-VFB,1st half,2790134,2935531,,,,0,,,,0.0,0.0
27,0,Karim David Adeyemi,OHR,BVB-VFB,1st half,2790134,2935531,,,,0,,,,0.0,0.0
11,1,Bilal El Khannouss,OHL,BVB-VFB,1st half,2790134,2935531,,,,0,,,,0.0,0.0
33,1,Alexander Nübel,TW,BVB-VFB,1st half,2790134,2935531,,,,0,,,,0.0,0.0
26,1,Deniz Undav,STZ,BVB-VFB,1st half,2790134,2935531,60.74774024072355,61.858285879748806,17.062413429401587,145394,51.91903044590654,39.36600449896809,93.90108904223506,48.464666666666666,0.9999724893052174
2,1,Ameen Al-Dakhil,,BVB-VFB,1st half,2790134,2935531,,,,0,,,,0.0,0.0
24,1,Julian Jeffrey Gaston Chabot,IVZ,BVB-VFB,1st half,2790134,2935531,,,,0,,,,0.0,0.0
6,1,Angelo Stiller,DML,BVB-VFB,1st half,2790134,2935531,,,,0,,,,0.0,0.0
7,0,Jobe Samuel Patrick Bellingham,DMR,BVB-VFB,1st half,2790134,2935531,61.14279370939262,62.48433153630752,16.64650869287228,145398,55.93301688183055,34.8325827592328,94.39937376296854,48.466,1.0
20,0,Marcel Sabitzer,,BVB-VFB,1st half,2790134,2935531,,,,0,,,,0.0,0.0
4,1,Josha Mamadou Karaboue Vagnoman,DLM,BVB-VFB,1st half,2790134,2935531,62.26243764931865,63.22907947801133,16.02598794022556,144718,57.97528209912449,35.69658182652868,94.54450087236748,48.239333333333335,0.9953231818869586
28,1,Nikolas Terkelsen Nartey,DMR,BVB-VFB,1st half,2790134,2935531,,,,0,,,,0.0,0.0
9,0,Serhou Yadaly Guirassy,STZ,BVB-VFB,1st half,2790134,2935531,,,,0,,,,0.0,0.0
8,1,Tiago Barreiros de Melo Tomás,OHR,BVB-VFB,1st half,2790134,2935531,63.183309285202654,64.12338380359034,15.7923642117915,145398,56.79005708495605,39.337177119991246,95.55377771740953,48.466,1.0
30,1,José María Andrés Baixauli,DMR,BVB-VFB,1st half,2790134,2935531,,,,0,,,,0.0,0.0
33,0,Alexander Niklas Meyer-Schade,,BVB-VFB,1st half,2790134,2935531,66.56600750436645,67.23128350054579,15.649567857922392,145398,68.88032603359666,38.85145821858225,91.19479875117702,48.466,1.0
1,1,Fabian Bredlow,,BVB-VFB,1st half,2790134,2935531,67.8667472131659,67.96766480428806,16.222449461434802,145398,71.28305424989976,39.57927905173581,91.5991393256175,48.466,1.0
10,1,Chris Jan Führich,OHL,BVB-VFB,1st half,2790134,2935531,61.47174503972775,62.42218853756931,15.865267284277753,145001,55.0904248151469,36.75421402392843,94.69770302163484,48.333666666666666,0.9972695635428273
2,0,Yan Bueno Couto,,BVB-VFB,1st half,2790134,2935531,,,,0,,,,0.0,0.0
13,0,Pascal Groß,,BVB-VFB,1st half,2790134,2935531,,,,0,,,,0.0,0.0
24,0,Daniel Jonathan Svensson,DLM,BVB-VFB,1st half,2790134,2935531,60.32210660298432,61.20441846915017,15.926347094780118,145398,56.62996791248687,30.863701900455233,94.70336289284334,48.466,1.0
26,0,Julian Ryerson,DRM,BVB-VFB,1st half,2790134,2935531,60.98764601026523,61.89053558323523,16.308106238693746,145398,57.5409177889163,31.697094498100803,94.87383515089489,48.466,1.0
6,0,Salih Özcan,,BVB-VFB,1st half,2790134,2935531,62.654544765416745,63.70407390376506,15.697940771743959,145398,59.9824537304099,32.851853444389306,96.02002413311995,48.466,1.0
23,1,Dan-Axel Zagadou,,BVB-VFB,2nd half,2984098,3141386,63.70900264501674,64.57180749744468,15.373778150032567,157289,60.59320590936652,36.1369966949447,95.43540424262241,52.42966666666667,1.0
4,0,Nico Cedric Schlotterbeck,IVL,BVB-VFB,2nd half,2984098,3141386,60.65605900612603,61.66113951134578,16.150889642789046,13016,54.94077557374425,34.54691431255227,94.38558160954216,4.338666666666667,0.08275213142686393
27,1,Badredine Bouanani,,BVB-VFB,2nd half,2984098,3141386,58.89244905955797,60.138113651715685,17.867646878205885,61228,48.90337912851698,36.167238057317256,94.9364199698533,20.409333333333333,0.3892707055165968
3,1,Ramon Hendriks,IVL,BVB-VFB,2nd half,2984098,3141386,62.28163462621678,63.48907011937598,15.793547160635233,157289,58.12195974434846,34.82886643653115,95.28063599172684,52.42966666666667,1.0
17,0,Carney Chibueze Chukwuemeka,OHL,BVB-VFB,2nd half,2984098,3141386,,,,0,,,,0.0,0.0
28,0,Aarón Anselmino,,BVB-VFB,2nd half,2984098,3141386,60.481274399420386,62.0846894329285,17.756381701506985,53324,53.96044160957518,33.410677100775665,96.24631541785874,17.77466666666667,0.3390192575450286
8,0,Felix Kalu Nmecha,DML,BVB-VFB,2nd half,2984098,3141386,61.169626973795175,61.66934192150594,16.607257303568158,82613,52.114655797809256,38.7827627119418,95.6297861369631,27.537666666666667,0.5252306264265143
10,0,Julian Brandt,OHR,BVB-VFB,2nd half,2984098,3141386,59.708048993145255,61.19956282745287,17.44614439858241,74672,52.38434743597193,34.23921511931741,94.94181827653755,24.890666666666668,0.4747439426787633
1,0,Gregor Kobel,TW,BVB-VFB,2nd half,2984098,3141386,,,,0,,,,0.0,0.0
16,1,Atakan Karazor,DMR,BVB-VFB,2nd half,2984098,3141386,,,,0,,,,0.0,0.0
7,1,Maximilian Mittelstädt,IVL,BVB-VFB,2nd half,2984098,3141386,66.21255203792008,66.95254739520298,15.706908160498742,157289,63.39811723966553,40.02537182809852,96.15231197874772,52.42966666666667,1.0
18,1,Jamie Leweling,DLM,BVB-VFB,2nd half,2984098,3141386,,,,0,,,,0.0,0.0
29,1,Finn Jeltsch,IVR,BVB-VFB,2nd half,2984098,3141386,,,,0,,,,0.0,0.0
21,0,Fabio Daniel Soares Silva,OHL,BVB-VFB,2nd half,2984098,3141386,,,,0,,,,0.0,0.0
22,1,Lorenz Assignon,DRM,BVB-VFB,2nd half,2984098,3141386,,,,0,,,,0.0,0.0
23,0,Emre Can,IVZ,BVB-VFB,2nd half,2984098,3141386,,,,0,,,,0.0,0.0
3,0,Waldemar Anton,IVR,BVB-VFB,2nd half,2984098,3141386,59.41546228153366,59.86825566809505,16.684332053687264,53484,50.214205580558556,36.58547595401073,94.5137908770234,17.828,0.3400364933339267
14,0,Maximilian Beier,DLM,BVB-VFB,2nd half,2984098,3141386,,,,0,,,,0.0,0.0
27,0,Karim David Adeyemi,OHR,BVB-VFB,2nd half,2984098,3141386,,,,0,,,,0.0,0.0
11,1,Bilal El Khannouss,OHL,BVB-VFB,2nd half,2984098,3141386,,,,0,,,,0.0,0.0
33,1,Alexander Nübel,TW,BVB-VFB,2nd half,2984098,3141386,,,,0,,,,0.0,0.0
26,1,Deniz Undav,STZ,BVB-VFB,2nd half,2984098,3141386,61.70679546077735,62.89279302448183,16.947378890006185,157289,54.683001016166926,38.499039810290526,94.2796103707447,52.42966666666667,1.0
2,1,Ameen Al-Dakhil,,BVB-VFB,2nd half,2984098,3141386,,,,0,,,,0.0,0.0
24,1,Julian Jeffrey Gaston Chabot,IVZ,BVB-VFB,2nd half,2984098,3141386,61.421531267987056,62.592221041608035,17.155034684933504,74624,53.22508738623042,38.684085783003525,95.0875685953128,24.874666666666666,0.47443877194209383
6,1,Angelo Stiller,DML,BVB-VFB,2nd half,2984098,3141386,,,,0,,,,0.0,0.0
7,0,Jobe Samuel Patrick Bellingham,DMR,BVB-VFB,2nd half,2984098,3141386,61.198974497330724,62.448018533847545,16.532933361662174,103797,56.1757678030986,34.19900165585913,94.89655626444515,34.599000000000004,0.6599126448766284
20,0,Marcel Sabitzer,,BVB-VFB,2nd half,2984098,3141386,,,,0,,,,0.0,0.0
4,1,Josha Mamadou Karaboue Vagnoman,DLM,BVB-VFB,2nd half,2984098,3141386,62.55834907758983,63.196446820698434,17.000986636665374,156529,56.00863545050711,38.392634010726496,95.45701564723011,52.17633333333333,0.9951681300027339
28,1,Nikolas Terkelsen Nartey,DMR,BVB-VFB,2nd half,2984098,3141386,,,,0,,,,0.0,0.0
9,0,Serhou Yadaly Guirassy,STZ,BVB-VFB,2nd half,2984098,3141386,,,,0,,,,0.0,0.0
8,1,Tiago Barreiros de Melo Tomás,OHR,BVB-VFB,2nd half,2984098,3141386,63.3000366146879,64.51257075998541,16.507040773694083,156609,55.27467782165299,40.91692906446747,96.38362255562156,52.202999999999996,0.9956767478971829
30,1,José María Andrés Baixauli,DMR,BVB-VFB,2nd half,2984098,3141386,,,,0,,,,0.0,0.0
33,0,Alexander Niklas Meyer-Schade,,BVB-VFB,2nd half,2984098,3141386,65.83982375066593,66.64066065311232,16.494457412407478,156912,67.51734879714752,38.29957067693467,91.14337676242174,52.303999999999995,0.9976031381724088
1,1,Fabian Bredlow,,BVB-VFB,2nd half,2984098,3141386,68.97312624928054,69.18656104377484,16.220892738259444,157289,72.28869948425296,41.7632332363014,91.7622549489631,52.42966666666667,1.0
10,1,Chris Jan Führich,OHL,BVB-VFB,2nd half,2984098,3141386,61.671761839900356,62.69376702796842,17.298280073472778,82177,55.20131824389094,36.42648149222588,95.5443003155874,27.392333333333333,0.5224586589017668
2,0,Yan Bueno Couto,,BVB-VFB,2nd half,2984098,3141386,,,,0,,,,0.0,0.0
13,0,Pascal Groß,,BVB-VFB,2nd half,2984098,3141386,,,,0,,,,0.0,0.0
24,0,Daniel Jonathan Svensson,DLM,BVB-VFB,2nd half,2984098,3141386,60.784437702497314,61.93064293583896,16.424241704582396,157289,57.08347666286473,31.275027403683623,95.22846272082116,52.42966666666667,1.0
26,0,Julian Ryerson,DRM,BVB-VFB,2nd half,2984098,3141386,58.74030326424517,59.88455721822126,16.819572016997594,157289,51.75091037593584,31.25064997909172,95.54914706714442,52.42966666666667,1.0
6,0,Salih Özcan,,BVB-VFB,2nd half,2984098,3141386,61.10680638247339,62.44677320950875,16.39258129046591,143677,56.64529601101917,31.8113889117234,96.35090434849569,47.89233333333333,0.9134586652594905
23,1,Sacha Boey,RV,SGE-FCB,1st half,3331222,3476767,,,,0,,,,0.0,0.0
45,1,Aleksandar Pavlović,DML,SGE-FCB,1st half,3331222,3476767,,,,0,,,,0.0,0.0
4,0,Robin Leon Koch,IVR,SGE-FCB,1st half,3331222,3476767,60.178368707669705,60.90139182344488,15.504150620155984,145546,54.82189698967023,32.2722321303092,95.22646757569619,48.51533333333334,1.0
27,1,Konrad Laimer,LV,SGE-FCB,1st half,3331222,3476767,,,,0,,,,0.0,0.0
14,1,Luis Fernando Díaz Marulanda,OLM,SGE-FCB,1st half,3331222,3476767,,,,0,,,,0.0,0.0
3,1,Minjae Kim,,SGE-FCB,1st half,3331222,3476767,63.33631816703412,64.12011004215401,15.214844130796994,145546,60.4148607719327,35.790921850115105,94.776991010755,48.51533333333334,1.0
36,1,Wisdom Okpako Mike,,SGE-FCB,1st half,3331222,3476767,,,,0,,,,0.0,0.0
17,0,Sepe Elye Delmas Wahi,STL,SGE-FCB,1st half,3331222,3476767,58.99754254494835,59.658262308038175,16.813809771561772,145546,50.41927984187535,34.961990508904215,94.4707781850898,48.51533333333334,1.0
19,0,Jean-Mattéo Bahoya Négoce,OLM,SGE-FCB,1st half,3331222,3476767,,,,0,,,,0.0,0.0
30,0,Michy Batshuayi-Atunga,,SGE-FCB,1st half,3331222,3476767,,,,0,,,,0.0,0.0
8,0,Farès Chaïbi,DML,SGE-FCB,1st half,3331222,3476767,61.33418913379527,62.243748670772476,16.06392034211072,145546,56.59833633452223,33.24298091540838,95.73986775121284,48.51533333333334,1.0
7,1,Serge David Gnabry,ZO,SGE-FCB,1st half,3331222,3476767,,,,0,,,,0.0,0.0
21,0,Nathaniel Brown,LV,SGE-FCB,1st half,3331222,3476767,,,,0,,,,0.0,0.0
22,1,Raphaël Adelino José Guerreiro,ZO,SGE-FCB,1st half,3331222,3476767,,,,0,,,,0.0,0.0
20,1,Tom Bischof,DMR,SGE-FCB,1st half,3331222,3476767,59.859354675973165,60.167066967914195,16.47427082219501,145546,51.05622833734171,36.605371086328184,94.8508400504601,48.51533333333334,1.0
23,0,Michael Zetterer,,SGE-FCB,1st half,3331222,3476767,59.71432247896359,60.912929645711586,15.896853724543288,145546,54.379900425476485,31.75853777402186,94.78266992188814,48.51533333333334,1.0
34,0,Pharrell Nnamdi Collins,,SGE-FCB,1st half,3331222,3476767,,,,0,,,,0.0,0.0
3,0,Arthur Nicolas Theate,IVL,SGE-FCB,1st half,3331222,3476767,,,,0,,,,0.0,0.0
5,0,Aurèle Florian Amenda,,SGE-FCB,1st half,3331222,3476767,,,,0,,,,0.0,0.0
27,0,Mario Götze,ZO,SGE-FCB,1st half,3331222,3476767,57.96818434931741,57.977953806267365,16.787753806851992,145546,47.97245747120298,34.89760274036506,94.36640179575568,48.51533333333334,1.0
9,1,Harry Edward Kane,STZ,SGE-FCB,1st half,3331222,3476767,62.130684206599554,63.213778803050815,16.147532955026673,145546,57.41226418531152,35.23624521069403,95.3163498975558,48.51533333333334,1.0
42,1,Lennart Karl,ZO,SGE-FCB,1st half,3331222,3476767,61.11890174413893,62.5242545744631,16.630067960657335,145298,57.32305099837437,31.425794234010272,95.8731435819537,48.43266666666667,0.9982960713451418
11,1,Nicolas Jackson,STZ,SGE-FCB,1st half,3331222,3476767,,,,0,,,,0.0,0.0
26,1,Sven Ulreich,,SGE-FCB,1st half,3331222,3476767,,,,0,,,,0.0,0.0
2,1,Dayotchanculle Oswald Upamecano,IVR,SGE-FCB,1st half,3331222,3476767,,,,0,,,,0.0,0.0
16,0,Hugo Emanuel Larsson,DMR,SGE-FCB,1st half,3331222,3476767,,,,0,,,,0.0,0.0
6,1,Joshua Walter Kimmich,DMR,SGE-FCB,1st half,3331222,3476767,,,,0,,,,0.0,0.0
7,0,Ansgar Knauff,STL,SGE-FCB,1st half,3331222,3476767,60.26191993092604,61.5374662647603,16.788203010601478,145546,53.920633697884064,33.48811519213175,95.49077298044297,48.51533333333334,1.0
40,0,Kauã Morais Vieira dos Santos,TW,SGE-FCB,1st half,3331222,3476767,,,,0,,,,0.0,0.0
20,0,Ritsu Dōan,ORM,SGE-FCB,1st half,3331222,3476767,,,,0,,,,0.0,0.0
4,1,Jonathan Glao Tah,IVL,SGE-FCB,1st half,3331222,3476767,64.09185175620436,64.61511126055687,14.74419244994149,145546,62.96914966942651,34.789300691077145,94.89133893703541,48.51533333333334,1.0
17,1,Michael Akpovie Olise,ORM,SGE-FCB,1st half,3331222,3476767,,,,0,,,,0.0,0.0
9,0,Jonathan Michael Burkardt,STZ,SGE-FCB,1st half,3331222,3476767,60.66391382074666,61.39818360993097,16.227363980314735,145546,53.30818350242457,35.93636997377755,95.19909809214525,48.51533333333334,1.0
42,0,Can Yılmaz Uzun,ZO,SGE-FCB,1st half,3331222,3476767,,,,0,,,,0.0,0.0
8,1,Leon Christoph Goretzka,DML,SGE-FCB,1st half,3331222,3476767,,,,0,,,,0.0,0.0
30,1,Cassiano Tomas Kiala,,SGE-FCB,1st half,3331222,3476767,,,,0,,,,0.0,0.0
1,1,Manuel Peter Neuer,TW,SGE-FCB,1st half,3331222,3476767,,,,0,,,,0.0,0.0
24,0,Aurélio Gabriel Ulineia Buta,RV,SGE-FCB,1st half,3331222,3476767,,,,0,,,,0.0,0.0
15,0,Ellyes Joris Skhiri,DML,SGE-FCB,1st half,3331222,3476767,,,,0,,,,0.0,0.0
6,0,Oscar Winther Höjlund,DMZ,SGE-FCB,1st half,3331222,3476767,63.867716731721266,64.76531194599747,15.855503761058717,144742,59.0357879615193,38.12836153403821,96.04964362300697,48.24733333333334,0.9944759732318305
23,1,Sacha Boey,RV,SGE-FCB,2nd half,3526374,3674654,,,,0,,,,0.0,0.0
45,1,Aleksandar Pavlović,DML,SGE-FCB,2nd half,3526374,3674654,,,,0,,,,0.0,0.0
4,0,Robin Leon Koch,IVR,SGE-FCB,2nd half,3526374,3674654,63.413194365007996,63.842164832209676,15.303762510761242,148281,62.00852284629985,34.17332624880001,94.52595783949349,49.427,1.0
27,1,Konrad Laimer,LV,SGE-FCB,2nd half,3526374,3674654,59.79891661372414,60.79284095407694,16.64525607200257,50388,51.91726758371086,34.998354485922896,95.10834411487637,16.796,0.33981427155198574
14,1,Luis Fernando Díaz Marulanda,OLM,SGE-FCB,2nd half,3526374,3674654,,,,0,,,,0.0,0.0
3,1,Minjae Kim,,SGE-FCB,2nd half,3526374,3674654,64.23313581007427,64.82734829133966,15.095190195779274,148281,61.9732793348299,36.225330442515215,95.25408314462581,49.427,1.0
36,1,Wisdom Okpako Mike,,SGE-FCB,2nd half,3526374,3674654,,,,0,,,,0.0,0.0
17,0,Sepe Elye Delmas Wahi,STL,SGE-FCB,2nd half,3526374,3674654,60.481291295013065,60.97966937847345,16.321251071743458,148281,54.151768820797685,34.62548243366174,94.77646345531824,49.427,1.0
19,0,Jean-Mattéo Bahoya Négoce,OLM,SGE-FCB,2nd half,3526374,3674654,,,,0,,,,0.0,0.0
30,0,Michy Batshuayi-Atunga,,SGE-FCB,2nd half,3526374,3674654,,,,0,,,,0.0,0.0
8,0,Farès Chaïbi,DML,SGE-FCB,2nd half,3526374,3674654,,,,0,,,,0.0,0.0
7,1,Serge David Gnabry,ZO,SGE-FCB,2nd half,3526374,3674654,62.96237681959485,64.39787604118209,16.611187009814646,87932,56.390392138191714,39.845842927513125,94.84155695354744,29.31066666666667,0.5930092189828771
21,0,Nathaniel Brown,LV,SGE-FCB,2nd half,3526374,3674654,,,,0,,,,0.0,0.0
22,1,Raphaël Adelino José Guerreiro,ZO,SGE-FCB,2nd half,3526374,3674654,,,,0,,,,0.0,0.0
20,1,Tom Bischof,DMR,SGE-FCB,2nd half,3526374,3674654,61.66240312326397,62.78558720325559,16.574472505179006,148281,54.930998817239725,37.23789589965429,95.06211608823929,49.427,1.0
23,0,Michael Zetterer,,SGE-FCB,2nd half,3526374,3674654,61.17293346377507,62.11969756637565,15.635296360725835,128809,59.65209045790384,30.765381012753604,93.60827658929149,42.93633333333333,0.86868175963205
34,0,Pharrell Nnamdi Collins,,SGE-FCB,2nd half,3526374,3674654,,,,0,,,,0.0,0.0
3,0,Arthur Nicolas Theate,IVL,SGE-FCB,2nd half,3526374,3674654,,,,0,,,,0.0,0.0
5,0,Aurèle Florian Amenda,,SGE-FCB,2nd half,3526374,3674654,,,,0,,,,0.0,0.0
27,0,Mario Götze,ZO,SGE-FCB,2nd half,3526374,3674654,60.11564622586963,60.78448937805461,16.622950472425707,147533,52.481649173750355,35.90339677081847,94.50655841707986,49.17766666666667,0.994955523634181
9,1,Harry Edward Kane,STZ,SGE-FCB,2nd half,3526374,3674654,62.24169279151103,63.34163490055935,16.213031779466313,110293,57.919593157299154,35.13872995026147,95.10745514504308,36.76433333333333,0.7438107377209487
42,1,Lennart Karl,ZO,SGE-FCB,2nd half,3526374,3674654,62.65244613119982,63.87234582186457,15.464204630112755,58957,62.118870885589374,30.47765630697067,95.5386696162429,19.652333333333335,0.3976031993309999
11,1,Nicolas Jackson,STZ,SGE-FCB,2nd half,3526374,3674654,,,,0,,,,0.0,0.0
26,1,Sven Ulreich,,SGE-FCB,2nd half,3526374,3674654,,,,0,,,,0.0,0.0
2,1,Dayotchanculle Oswald Upamecano,IVR,SGE-FCB,2nd half,3526374,3674654,,,,0,,,,0.0,0.0
16,0,Hugo Emanuel Larsson,DMR,SGE-FCB,2nd half,3526374,3674654,,,,0,,,,0.0,0.0
6,1,Joshua Walter Kimmich,DMR,SGE-FCB,2nd half,3526374,3674654,65.01769064173,66.87680709093917,15.831868225274935,50484,61.375365103745864,39.08481282720172,95.80700250690379,16.828,0.34046169097861495
7,0,Ansgar Knauff,STL,SGE-FCB,2nd half,3526374,3674654,61.803753034127325,62.98155723888864,16.75688696222509,75517,56.545133296612256,34.59294231711644,96.02605673449163,25.17233333333333,0.5092830504245318
40,0,Kauã Morais Vieira dos Santos,TW,SGE-FCB,2nd half,3526374,3674654,,,,0,,,,0.0,0.0
20,0,Ritsu Dōan,ORM,SGE-FCB,2nd half,3526374,3674654,61.98788932565593,62.68625129054314,16.1569931178331,18136,55.75301453282982,36.955863608186306,95.33308143356038,6.045333333333334,0.12230832001402742
4,1,Jonathan Glao Tah,IVL,SGE-FCB,2nd half,3526374,3674654,64.60840704126284,64.8647696470873,14.619534704123778,148281,62.84767081660472,36.15762983290507,95.40683254916472,49.427,1.0
17,1,Michael Akpovie Olise,ORM,SGE-FCB,2nd half,3526374,3674654,63.12484420318266,64.27153887095605,16.324900353159755,37980,57.26648413003969,40.074123948906404,93.98671122164953,12.66,0.2561353106601655
9,0,Jonathan Michael Burkardt,STZ,SGE-FCB,2nd half,3526374,3674654,62.717314228222,63.43959716749483,16.204068748001443,118845,58.059024326798074,35.96821968192288,95.67746197641968,39.615,0.8014850183098307
42,0,Can Yılmaz Uzun,ZO,SGE-FCB,2nd half,3526374,3674654,61.21363428999531,61.67803318425145,16.099132427174148,18380,54.884446018654856,35.74631547586232,95.11987079924894,6.126666666666667,0.12395384439004323
8,1,Leon Christoph Goretzka,DML,SGE-FCB,2nd half,3526374,3674654,61.975351580766855,63.013148342501594,16.029343064401278,88240,55.98602833217578,36.5687985982013,95.36766889478719,29.413333333333334,0.5950863563099791
30,1,Cassiano Tomas Kiala,,SGE-FCB,2nd half,3526374,3674654,,,,0,,,,0.0,0.0
1,1,Manuel Peter Neuer,TW,SGE-FCB,2nd half,3526374,3674654,,,,0,,,,0.0,0.0
24,0,Aurélio Gabriel Ulineia Buta,RV,SGE-FCB,2nd half,3526374,3674654,,,,0,,,,0.0,0.0
15,0,Ellyes Joris Skhiri,DML,SGE-FCB,2nd half,3526374,3674654,,,,0,,,,0.0,0.0
6,0,Oscar Winther Höjlund,DMZ,SGE-FCB,2nd half,3526374,3674654,64.76422413362722,65.68242339587685,15.439143341435809,146509,62.01357767547499,37.397737918965234,95.79823895915888,48.83633333333333,0.9880497164168033
23,1,Michael Zetterer,,SGE-FCU,1st half,2790176,2943018,,,,0,,,,0.0,0.0
34,1,Pharrell Nnamdi Collins,RV,SGE-FCU,1st half,2790176,2943018,62.381645596580555,62.9964401253625,16.60401108963468,152843,56.74688653661454,37.20631698659114,95.06998628652468,50.94766666666667,1.0
4,0,Diogo Filipe Monteiro Pinto Leite,IVL,SGE-FCU,1st half,2790176,2943018,59.80903168996662,60.62971852817957,16.790678364497516,152843,52.36413553600296,34.52457404416547,95.02001754105265,50.94766666666667,1.0
27,1,Mario Götze,,SGE-FCU,1st half,2790176,2943018,,,,0,,,,0.0,0.0
3,1,Arthur Nicolas Theate,IVL,SGE-FCU,1st half,2790176,2943018,61.876225236984595,62.917321360285584,16.083588784915445,152839,57.592423019406255,34.76744089782428,94.69674586624939,50.946333333333335,0.9999738293543048
28,0,Christopher Trimmel,DRM,SGE-FCU,1st half,2790176,2943018,59.7495254051091,60.24979743720104,17.90736285196642,152843,52.8507663720082,34.92833247259239,93.76906371509364,50.94766666666667,1.0
17,0,David Preu,,SGE-FCU,1st half,2790176,2943018,,,,0,,,,0.0,0.0
5,1,Aurèle Florian Amenda,IVR,SGE-FCU,1st half,2790176,2943018,,,,0,,,,0.0,0.0
8,0,Rani Khedira,DMR,SGE-FCU,1st half,2790176,2943018,60.503547033558185,61.280575259330554,16.771279546847303,152843,51.839072405393765,36.894301852427816,95.66542505224113,50.94766666666667,1.0
19,0,Janik Haberer,DML,SGE-FCU,1st half,2790176,2943018,59.000798455269695,60.44533104763716,17.459783821818625,152339,51.660630462962175,31.887541887462564,95.90094567948682,50.77966666666667,0.9967024986423978
41,0,Oluwaseun God Power Osaro Ogbemudia,,SGE-FCU,1st half,2790176,2943018,,,,0,,,,0.0,0.0
10,0,Ilyas Ansah,OHL,SGE-FCU,1st half,2790176,2943018,59.081153068371556,59.951540908885875,17.19984937215061,152395,51.10240319301287,33.34000746402289,95.46063183986516,50.79833333333333,0.9970688876821313
1,0,Frederik Riis Rønnow,TW,SGE-FCU,1st half,2790176,2943018,65.33890501321589,66.35793402864536,15.187197248414986,152843,69.52363756773212,33.438911084768506,91.65925553564162,50.94766666666667,1.0
16,1,Hugo Emanuel Larsson,DMZ,SGE-FCU,1st half,2790176,2943018,60.998933160377966,61.89547283672695,16.410296327896866,152843,53.895116893456766,35.35399119266337,96.11563015065418,50.94766666666667,1.0
7,1,Ansgar Knauff,OLM,SGE-FCU,1st half,2790176,2943018,,,,0,,,,0.0,0.0
40,1,Kauã Morais Vieira dos Santos,TW,SGE-FCU,1st half,2790176,2943018,68.29047778252284,68.74215478815012,15.636199628538977,152207,70.61661686846924,43.24643933692496,90.2329974468589,50.73566666666667,0.9958388673344543
21,0,Tim Skarke,DRM,SGE-FCU,1st half,2790176,2943018,,,,0,,,,0.0,0.0
20,1,Ritsu Dōan,ORM,SGE-FCU,1st half,2790176,2943018,60.74669731812262,61.667236852161906,17.070408110272183,152843,52.177938296167376,38.11003549110057,94.80837117441834,50.94766666666667,1.0
23,0,Andrej Ilić,STZ,SGE-FCU,1st half,2790176,2943018,61.64939112107551,63.016340065268956,17.130452614982747,152383,53.722266844993456,38.68329196692163,95.18498931000545,50.794333333333334,0.9969903757450456
14,0,Leopold Querfeld,IVZ,SGE-FCU,1st half,2790176,2943018,62.488647932619315,63.85547178288528,15.579354729372096,152843,58.86933520833835,34.835490977603726,94.96755518667618,50.94766666666667,1.0
5,0,Danilho Raimundo Doekhi,IVR,SGE-FCU,1st half,2790176,2943018,61.000742141446054,62.05681454562284,16.273920912310256,152843,55.27986875280969,35.10996604116829,94.5193494265723,50.94766666666667,1.0
27,0,Marin Ljubicic,,SGE-FCU,1st half,2790176,2943018,,,,0,,,,0.0,0.0
9,1,Jonathan Michael Burkardt,STL,SGE-FCU,1st half,2790176,2943018,,,,0,,,,0.0,0.0
42,1,Can Yılmaz Uzun,HL,SGE-FCU,1st half,2790176,2943018,58.95843657616052,60.41470787315831,17.029677180563453,151683,52.070149500589864,31.739741730948538,95.36151418880004,50.561,0.9924105127483758
24,1,Aurélio Gabriel Ulineia Buta,,SGE-FCU,1st half,2790176,2943018,,,,0,,,,0.0,0.0
6,1,Oscar Winther Höjlund,DML,SGE-FCU,1st half,2790176,2943018,,,,0,,,,0.0,0.0
15,1,Ellyes Joris Skhiri,,SGE-FCU,1st half,2790176,2943018,,,,0,,,,0.0,0.0
7,0,Oliver Jasen Burke,OHR,SGE-FCU,1st half,2790176,2943018,58.435957190498826,58.842124882542336,16.507054525002868,152843,49.26989371791667,34.65515755833454,94.43817478610598,50.94766666666667,1.0
31,0,Matheo Raab,,SGE-FCU,1st half,2790176,2943018,,,,0,,,,0.0,0.0
4,1,Robin Leon Koch,IVR,SGE-FCU,1st half,2790176,2943018,63.308703517433855,63.89443696838151,15.52967951268489,152843,61.25140169930177,34.25079735470774,95.10967877100275,50.94766666666667,1.0
17,1,Sepe Elye Delmas Wahi,STZ,SGE-FCU,1st half,2790176,2943018,61.61101632363268,62.93453602085913,16.99913138534935,151635,54.105131677624684,38.127128712489736,95.10275012945296,50.544999999999995,0.9920964650000327
8,1,Farès Chaïbi,HR,SGE-FCU,1st half,2790176,2943018,61.608554020888,62.8450815772029,16.5973317489332,152843,55.986893644355284,34.823745815373286,95.88890939511302,50.94766666666667,1.0
19,1,Jean-Mattéo Bahoya Négoce,OLM,SGE-FCU,1st half,2790176,2943018,57.48203081596881,57.62797606734355,17.546033775160467,152843,48.18412438239611,33.7362226048551,93.62504760517946,50.94766666666667,1.0
30,1,Michy Batshuayi-Atunga,STR,SGE-FCU,1st half,2790176,2943018,,,,0,,,,0.0,0.0
33,0,Alex Král,,SGE-FCU,1st half,2790176,2943018,,,,0,,,,0.0,0.0
11,0,Wooyeong Jeong,STR,SGE-FCU,1st half,2790176,2943018,,,,0,,,,0.0,0.0
13,0,András Schäfer,DML,SGE-FCU,1st half,2790176,2943018,,,,0,,,,0.0,0.0
6,0,Aljoscha Kemlein,HR,SGE-FCU,1st half,2790176,2943018,,,,0,,,,0.0,0.0
39,0,Derrick Arthur Köhn,DLM,SGE-FCU,1st half,2790176,2943018,59.62271438494518,60.78260967851932,17.224551496289127,152243,50.895667827861324,36.149933974989494,94.73155687101269,50.74766666666667,0.9960744031457116
21,1,Nathaniel Brown,LV,SGE-FCU,1st half,2790176,2943018,57.783003133992544,58.35705601715111,16.46076022011453,152843,48.94425321951617,32.8339677420448,94.51703841190876,50.94766666666667,1.0
23,1,Michael Zetterer,,SGE-FCU,2nd half,2988828,3156116,,,,0,,,,0.0,0.0
34,1,Pharrell Nnamdi Collins,RV,SGE-FCU,2nd half,2988828,3156116,62.32061143689398,63.05764158840989,17.62841630056764,135169,55.39589367120968,39.288229824365445,94.58595007033492,45.056333333333335,0.8079969394281752
4,0,Diogo Filipe Monteiro Pinto Leite,IVL,SGE-FCU,2nd half,2988828,3156116,59.25547857555315,59.84276111173284,16.968330337607934,167289,49.21300213730195,36.63929676852958,95.26162896691159,55.763000000000005,1.0
27,1,Mario Götze,,SGE-FCU,2nd half,2988828,3156116,,,,0,,,,0.0,0.0
3,1,Arthur Nicolas Theate,IVL,SGE-FCU,2nd half,2988828,3156116,61.44924651837996,62.84529262777968,16.49489359296053,166205,55.478363305487726,35.898394522436504,94.96127613151307,55.401666666666664,0.9935201955896682
28,0,Christopher Trimmel,DRM,SGE-FCU,2nd half,2988828,3156116,57.08341182029287,57.03152712733484,17.73774097025327,82693,46.61259010756673,34.19946730446054,93.92845195309339,27.56433333333333,0.4943122381029237
17,0,David Preu,,SGE-FCU,2nd half,2988828,3156116,,,,0,,,,0.0,0.0
5,1,Aurèle Florian Amenda,IVR,SGE-FCU,2nd half,2988828,3156116,63.212487218804,63.6627425295344,13.99559836952205,31728,63.34729458837018,31.312821307191346,94.93240997099511,10.575999999999999,0.18965981026845757
8,0,Rani Khedira,DMR,SGE-FCU,2nd half,2988828,3156116,57.86573448086952,58.36184361731202,17.323318742441263,166645,46.46883272189929,34.97702567575775,95.9503122979416,55.54833333333333,0.996150374501611
19,0,Janik Haberer,DML,SGE-FCU,2nd half,2988828,3156116,57.28800707245042,58.1565926985617,17.673030289438035,165337,46.80193731014997,32.909263387788286,95.64817710684649,55.11233333333333,0.9883315699179265
41,0,Oluwaseun God Power Osaro Ogbemudia,,SGE-FCU,2nd half,2988828,3156116,,,,0,,,,0.0,0.0
10,0,Ilyas Ansah,OHL,SGE-FCU,2nd half,2988828,3156116,57.16473885591829,58.37918723134686,17.591988877083132,81864,46.92618188327279,32.5471498499253,95.43373715877193,27.288,0.48935674192564965
1,0,Frederik Riis Rønnow,TW,SGE-FCU,2nd half,2988828,3156116,64.65752944781083,66.4973009930111,16.073418911619875,166144,66.7762971094676,33.93161063857658,92.55842470816938,55.38133333333334,0.9931555571496034
16,1,Hugo Emanuel Larsson,DMZ,SGE-FCU,2nd half,2988828,3156116,61.79719354609272,62.804816069020895,16.273390051083318,45833,56.01406469301312,34.94893884917353,96.3562867137847,15.277666666666667,0.27397497743426047
7,1,Ansgar Knauff,OLM,SGE-FCU,2nd half,2988828,3156116,59.21371692530369,59.654009536847596,17.466155633493752,120352,47.35626635503728,39.341277260480275,94.89609068381569,40.117333333333335,0.7194256645685012
40,1,Kauã Morais Vieira dos Santos,TW,SGE-FCU,2nd half,2988828,3156116,68.82958620108901,69.6141709251372,15.895124062326792,166936,71.89731346928048,43.403218545493715,90.16565083242905,55.64533333333333,0.9978898791911004
21,0,Tim Skarke,DRM,SGE-FCU,2nd half,2988828,3156116,59.320509600050066,59.57970656936331,16.79236275566978,84588,49.474499171437316,36.39932618525731,95.36970691965979,28.196,0.5056399404623138
20,1,Ritsu Dōan,ORM,SGE-FCU,2nd half,2988828,3156116,59.35837298299705,60.27702949704327,17.70029415382494,167289,48.750043850586174,38.0825224399214,94.7786623692872,55.763000000000005,1.0
23,0,Andrej Ilić,STZ,SGE-FCU,2nd half,2988828,3156116,60.82460417547557,62.06618718273263,17.442629970839135,166541,50.922685877913445,39.63356936731196,95.21819671372204,55.51366666666667,0.9955286958496973
14,0,Leopold Querfeld,IVZ,SGE-FCU,2nd half,2988828,3156116,61.75583406571207,63.6475062504242,16.35884615067232,167289,56.74739148556604,34.81932357584057,95.37026799577826,55.763000000000005,1.0
5,0,Danilho Raimundo Doekhi,IVR,SGE-FCU,2nd half,2988828,3156116,60.31461557948081,61.47685168492444,17.246092280145625,167289,52.99418338084359,35.39775638515421,94.992051038657,55.763000000000005,1.0
27,0,Marin Ljubicic,,SGE-FCU,2nd half,2988828,3156116,,,,0,,,,0.0,0.0
9,1,Jonathan Michael Burkardt,STL,SGE-FCU,2nd half,2988828,3156116,58.08869547014972,58.13160356938125,17.703245299370302,120396,46.193393913190256,36.69841216865305,95.33938084759237,40.132,0.7196886824596955
42,1,Can Yılmaz Uzun,HL,SGE-FCU,2nd half,2988828,3156116,57.91691361478803,59.39417902513833,17.067329395521604,167289,50.92560064202885,29.79931106766213,95.35626679225949,55.763000000000005,1.0
24,1,Aurélio Gabriel Ulineia Buta,,SGE-FCU,2nd half,2988828,3156116,,,,0,,,,0.0,0.0
6,1,Oscar Winther Höjlund,DML,SGE-FCU,2nd half,2988828,3156116,62.25084901118179,63.6663347509397,16.572103044210337,120420,56.117015010446714,36.88429250646173,95.79585085021529,40.14,0.7198321467639833
15,1,Ellyes Joris Skhiri,,SGE-FCU,2nd half,2988828,3156116,,,,0,,,,0.0,0.0
7,0,Oliver Jasen Burke,OHR,SGE-FCU,2nd half,2988828,3156116,57.52840200179642,57.743562556280594,17.121242009545778,106789,47.47467357358438,34.012270166950294,94.44950507425861,35.596333333333334,0.6383503996078642
31,0,Matheo Raab,,SGE-FCU,2nd half,2988828,3156116,,,,0,,,,0.0,0.0
4,1,Robin Leon Koch,IVR,SGE-FCU,2nd half,2988828,3156116,62.475734089742524,63.16761556505553,15.561882415420133,167289,58.70593966777703,34.67110833715848,95.30675240494725,55.763000000000005,1.0
17,1,Sepe Elye Delmas Wahi,STZ,SGE-FCU,2nd half,2988828,3156116,62.41447862522491,63.794177772448435,16.636728608271156,70041,54.7594963636799,39.5274838684836,95.50811639735956,23.346999999999998,0.4186826390258774
8,1,Farès Chaïbi,HR,SGE-FCU,2nd half,2988828,3156116,62.59984875197074,64.1783943930729,16.87729037707954,46925,56.62076112240622,37.08716501232684,96.08464933103402,15.641666666666667,0.2805026032793549
19,1,Jean-Mattéo Bahoya Négoce,OLM,SGE-FCU,2nd half,2988828,3156116,60.094734183044054,59.9689436957194,18.65937336388822,46885,52.0786030764579,37.278668136375465,93.59897503849416,15.628333333333334,0.2802634961055419
30,1,Michy Batshuayi-Atunga,STR,SGE-FCU,2nd half,2988828,3156116,62.68186845685668,63.54590162958415,16.28545989576206,97236,57.14646668325148,37.03345708033613,95.71081553151748,32.412,0.5812456288219787
33,0,Alex Král,,SGE-FCU,2nd half,2988828,3156116,,,,0,,,,0.0,0.0
11,0,Wooyeong Jeong,STR,SGE-FCU,2nd half,2988828,3156116,57.35878857567834,57.242895207844526,18.588896399438283,59800,44.24117186165123,36.60972286561857,95.59800990444091,19.933333333333334,0.35746522485040855
13,0,András Schäfer,DML,SGE-FCU,2nd half,2988828,3156116,59.639936880384596,60.95084460390619,17.094140492424586,25248,51.15129613042713,35.031714313086844,95.56634711429234,8.416,0.15092444811075445
6,0,Aljoscha Kemlein,HR,SGE-FCU,2nd half,2988828,3156116,59.21543357117161,59.9081770326642,16.980567843507224,84912,48.09681604174369,37.23899663358667,96.01669388132709,28.304,0.5075767085701989
39,0,Derrick Arthur Köhn,DLM,SGE-FCU,2nd half,2988828,3156116,58.86646729053422,59.30179902200766,17.453936718699985,141937,47.2678515178775,38.57381250629497,94.6239431049824,47.31233333333333,0.8484538732373318
21,1,Nathaniel Brown,LV,SGE-FCU,2nd half,2988828,3156116,56.91386013259564,57.14491591745177,17.02963219408627,166852,46.321050130491294,33.11295508932794,94.83851184533577,55.617333333333335,0.9973877541260932
47,1,David Michael Santos Daiber,,FCU-FCB,1st half,2790583,2940975,,,,0,,,,0.0,0.0
23,1,Sacha Boey,,FCU-FCB,1st half,2790583,2940975,,,,0,,,,0.0,0.0
45,1,Aleksandar Pavlović,DML,FCU-FCB,1st half,2790583,2940975,,,,0,,,,0.0,0.0
4,0,Diogo Filipe Monteiro Pinto Leite,IVL,FCU-FCB,1st half,2790583,2940975,61.02209447037367,61.75168300984322,15.635411188088447,149881,56.161976342691055,33.17141709306599,95.3529293512582,49.96033333333333,0.9965955862307421
27,1,Konrad Laimer,RV,FCU-FCB,1st half,2790583,2940975,,,,0,,,,0.0,0.0
14,1,Luis Fernando Díaz Marulanda,OLM,FCU-FCB,1st half,2790583,2940975,61.98413185053293,63.416606556190104,16.130699284095645,150393,57.7111311729715,34.49723646531705,95.16836147249737,50.131,1.0
3,1,Minjae Kim,,FCU-FCB,1st half,2790583,2940975,,,,0,,,,0.0,0.0
8,0,Rani Khedira,HL,FCU-FCB,1st half,2790583,2940975,60.01551011322638,61.24489975611437,16.714499962500952,150393,52.92961480921114,33.97265861665422,95.50622201515219,50.131,1.0
19,0,Janik Haberer,DRM,FCU-FCB,1st half,2790583,2940975,,,,0,,,,0.0,0.0
10,0,Ilyas Ansah,STL,FCU-FCB,1st half,2790583,2940975,,,,0,,,,0.0,0.0
1,0,Frederik Riis Rønnow,TW,FCU-FCB,1st half,2790583,2940975,66.87103693422799,67.0308053841691,14.280191450439686,150393,70.07350530871508,37.160942925613014,92.31117311019351,50.131,1.0
7,1,Serge David Gnabry,ZO,FCU-FCB,1st half,2790583,2940975,61.141023517001244,61.47350549484294,16.546100069942426,150393,53.56648257092978,37.04932252453596,95.3321124375618,50.131,1.0
40,1,Jonas Kurt Urbig,,FCU-FCB,1st half,2790583,2940975,,,,0,,,,0.0,0.0
21,0,Tim Skarke,STZ,FCU-FCB,1st half,2790583,2940975,,,,0,,,,0.0,0.0
20,1,Tom Bischof,RV,FCU-FCB,1st half,2790583,2940975,,,,0,,,,0.0,0.0
34,0,Stanley Pierre Nsoki,,FCU-FCB,1st half,2790583,2940975,,,,0,,,,0.0,0.0
14,0,Leopold Querfeld,IVZ,FCU-FCB,1st half,2790583,2940975,58.030755382014355,58.68693258791362,17.42489734228389,149733,47.47726840407264,35.459389853835376,94.67343688078229,49.910999999999994,0.995611497875566
5,0,Danilho Raimundo Doekhi,IVR,FCU-FCB,1st half,2790583,2940975,,,,0,,,,0.0,0.0
27,0,Marin Ljubicic,,FCU-FCB,1st half,2790583,2940975,58.470672002096805,58.506059846209155,16.79076375267637,150065,47.54937935069439,36.60631526266262,94.89675227673423,50.02166666666667,0.9978190474290691
9,1,Harry Edward Kane,STZ,FCU-FCB,1st half,2790583,2940975,,,,0,,,,0.0,0.0
42,1,Lennart Karl,ZO,FCU-FCB,1st half,2790583,2940975,,,,0,,,,0.0,0.0
11,1,Nicolas Jackson,STZ,FCU-FCB,1st half,2790583,2940975,,,,0,,,,0.0,0.0
44,1,Josip Stanišić,LV,FCU-FCB,1st half,2790583,2940975,,,,0,,,,0.0,0.0
25,0,Carl Klaus,,FCU-FCB,1st half,2790583,2940975,,,,0,,,,0.0,0.0
2,1,Dayotchanculle Oswald Upamecano,IVR,FCU-FCB,1st half,2790583,2940975,,,,0,,,,0.0,0.0
48,1,Leon Klanac,,FCU-FCB,1st half,2790583,2940975,,,,0,,,,0.0,0.0
6,1,Joshua Walter Kimmich,DMR,FCU-FCB,1st half,2790583,2940975,59.48354165728823,60.1706791422681,17.289737113618994,150393,48.7866266740426,37.511570302301706,95.7180663232689,50.131,1.0
7,0,Oliver Jasen Burke,STR,FCU-FCB,1st half,2790583,2940975,59.20420427982338,60.086948433928626,17.17015705452928,150393,49.73812614743168,35.58138042970921,95.44846563979314,50.131,1.0
18,0,Josip Juranovic,DRM,FCU-FCB,1st half,2790583,2940975,,,,0,,,,0.0,0.0
4,1,Jonathan Glao Tah,IVL,FCU-FCB,1st half,2790583,2940975,58.829050917792344,59.24314112344068,17.07378091229886,150389,48.905036006562575,35.97552685455285,94.91459486267156,50.12966666666667,0.9999734030174277
17,1,Michael Akpovie Olise,ORM,FCU-FCB,1st half,2790583,2940975,,,,0,,,,0.0,0.0
9,0,Livan Baha Burcu,,FCU-FCB,1st half,2790583,2940975,60.5207035099739,61.054362087479916,17.11793082059909,150209,51.82040924995297,37.056541267784084,95.58525809885832,50.06966666666666,0.9987765388016729
8,1,Leon Christoph Goretzka,DML,FCU-FCB,1st half,2790583,2940975,60.83546672990482,61.62520476745207,16.85419473193245,150393,52.49563114523129,36.89775393892344,95.89296030045094,50.131,1.0
11,0,Wooyeong Jeong,RM,FCU-FCB,1st half,2790583,2940975,,,,0,,,,0.0,0.0
33,0,Alex Král,DMZ,FCU-FCB,1st half,2790583,2940975,,,,0,,,,0.0,0.0
1,1,Manuel Peter Neuer,TW,FCU-FCB,1st half,2790583,2940975,65.52453161353006,66.09425436356283,15.072201295058361,150393,68.41185668124486,36.03624684111683,91.1630496289902,50.131,1.0
13,0,András Schäfer,HR,FCU-FCB,1st half,2790583,2940975,,,,0,,,,0.0,0.0
15,0,Tom Alexander Rothe,DLM,FCU-FCB,1st half,2790583,2940975,,,,0,,,,0.0,0.0
6,0,Aljoscha Kemlein,DMZ,FCU-FCB,1st half,2790583,2940975,62.6715158137477,63.46101004548629,16.744875717874454,150213,55.11952177723016,39.42101326235546,95.99134374716331,50.071000000000005,0.9988031357842453
39,0,Derrick Arthur Köhn,LV,FCU-FCB,1st half,2790583,2940975,,,,0,,,,0.0,0.0
47,1,David Michael Santos Daiber,,FCU-FCB,2nd half,2989542,3143459,,,,0,,,,0.0,0.0
23,1,Sacha Boey,,FCU-FCB,2nd half,2989542,3143459,,,,0,,,,0.0,0.0
45,1,Aleksandar Pavlović,DML,FCU-FCB,2nd half,2989542,3143459,,,,0,,,,0.0,0.0
4,0,Diogo Filipe Monteiro Pinto Leite,IVL,FCU-FCB,2nd half,2989542,3143459,62.17555129995659,63.10245306887329,15.990813613783784,153918,58.9610601799801,33.04160371763926,95.59548704224254,51.306000000000004,1.0
27,1,Konrad Laimer,RV,FCU-FCB,2nd half,2989542,3143459,,,,0,,,,0.0,0.0
14,1,Luis Fernando Díaz Marulanda,OLM,FCU-FCB,2nd half,2989542,3143459,61.36002407933776,62.581456064505666,16.205691207351055,153498,56.78904736714792,33.53310445870788,95.2815793162208,51.166000000000004,0.9972712743148949
3,1,Minjae Kim,,FCU-FCB,2nd half,2989542,3143459,,,,0,,,,0.0,0.0
8,0,Rani Khedira,HL,FCU-FCB,2nd half,2989542,3143459,61.49508712236554,62.59751556566879,16.22687623780431,103653,57.06971203182623,33.277169278528234,95.61350508692193,34.551,0.673430008186177
19,0,Janik Haberer,DRM,FCU-FCB,2nd half,2989542,3143459,,,,0,,,,0.0,0.0
10,0,Ilyas Ansah,STL,FCU-FCB,2nd half,2989542,3143459,,,,0,,,,0.0,0.0
1,0,Frederik Riis Rønnow,TW,FCU-FCB,2nd half,2989542,3143459,67.34311516420834,67.29142774099635,14.250785673144305,153918,72.24344141722057,35.86561710159605,92.28684488947098,51.306000000000004,1.0
7,1,Serge David Gnabry,ZO,FCU-FCB,2nd half,2989542,3143459,62.10160867642828,63.14483847175425,16.309169427874835,98656,57.038182242978635,35.21374586683438,95.74070673062174,32.88533333333333,0.6409646694993438
40,1,Jonas Kurt Urbig,,FCU-FCB,2nd half,2989542,3143459,,,,0,,,,0.0,0.0
21,0,Tim Skarke,STZ,FCU-FCB,2nd half,2989542,3143459,,,,0,,,,0.0,0.0
20,1,Tom Bischof,RV,FCU-FCB,2nd half,2989542,3143459,,,,0,,,,0.0,0.0
34,0,Stanley Pierre Nsoki,,FCU-FCB,2nd half,2989542,3143459,,,,0,,,,0.0,0.0
14,0,Leopold Querfeld,IVZ,FCU-FCB,2nd half,2989542,3143459,57.417513108177594,57.73178764610189,17.066157195193497,153918,47.99314360272923,33.45699562086795,93.94385660275172,51.306000000000004,1.0
5,0,Danilho Raimundo Doekhi,IVR,FCU-FCB,2nd half,2989542,3143459,,,,0,,,,0.0,0.0
27,0,Marin Ljubicic,,FCU-FCB,2nd half,2989542,3143459,60.16617153914716,60.73014992474184,16.80166477878951,103693,50.86198065697594,36.688836663844086,96.04909425734517,34.56433333333334,0.6736898868228537
9,1,Harry Edward Kane,STZ,FCU-FCB,2nd half,2989542,3143459,,,,0,,,,0.0,0.0
42,1,Lennart Karl,ZO,FCU-FCB,2nd half,2989542,3143459,,,,0,,,,0.0,0.0
11,1,Nicolas Jackson,STZ,FCU-FCB,2nd half,2989542,3143459,56.89973045601644,57.1507849068807,17.045365542988336,54229,44.09785589351935,36.149279064467635,94.71934793089468,18.07633333333333,0.35232396470848115
44,1,Josip Stanišić,LV,FCU-FCB,2nd half,2989542,3143459,,,,0,,,,0.0,0.0
25,0,Carl Klaus,,FCU-FCB,2nd half,2989542,3143459,,,,0,,,,0.0,0.0
2,1,Dayotchanculle Oswald Upamecano,IVR,FCU-FCB,2nd half,2989542,3143459,,,,0,,,,0.0,0.0
48,1,Leon Klanac,,FCU-FCB,2nd half,2989542,3143459,,,,0,,,,0.0,0.0
6,1,Joshua Walter Kimmich,DMR,FCU-FCB,2nd half,2989542,3143459,62.15630112810665,63.47902096168875,16.805007690621146,73461,55.211430899493884,37.57775427293544,95.99467495476154,24.487000000000002,0.477273613222625
7,0,Oliver Jasen Burke,STR,FCU-FCB,2nd half,2989542,3143459,58.01998815607074,58.626137648977235,17.462987501340365,39885,48.06716940040851,33.79534164385429,95.51505967583682,13.295,0.25913148559622656
18,0,Josip Juranovic,DRM,FCU-FCB,2nd half,2989542,3143459,,,,0,,,,0.0,0.0
4,1,Jonathan Glao Tah,IVL,FCU-FCB,2nd half,2989542,3143459,59.51532313584102,60.28367198857189,16.64605658408297,153918,50.51235785872785,35.592080172610906,95.4425198018887,51.306000000000004,1.0
17,1,Michael Akpovie Olise,ORM,FCU-FCB,2nd half,2989542,3143459,,,,0,,,,0.0,0.0
9,0,Livan Baha Burcu,,FCU-FCB,2nd half,2989542,3143459,59.935145079955795,60.59219267615722,16.886570173498264,153834,50.78195902775224,36.313459519268704,95.76107871024762,51.278,0.999454254862979
8,1,Leon Christoph Goretzka,DML,FCU-FCB,2nd half,2989542,3143459,60.9799456027418,62.05606026869059,16.787807537604994,153918,52.4606791246758,37.15081112624684,96.1681020499914,51.306000000000004,1.0
11,0,Wooyeong Jeong,RM,FCU-FCB,2nd half,2989542,3143459,57.648978673151085,58.26618343460036,16.336500490071348,26749,48.18784195451239,32.074644644161836,95.83816166032527,8.916333333333334,0.17378734131160747
33,0,Alex Král,DMZ,FCU-FCB,2nd half,2989542,3143459,,,,0,,,,0.0,0.0
1,1,Manuel Peter Neuer,TW,FCU-FCB,2nd half,2989542,3143459,66.57044812586851,67.31398888802535,14.982985535609938,153918,71.05182201730635,35.98090904914927,91.18482201400397,51.306000000000004,1.0
13,0,András Schäfer,HR,FCU-FCB,2nd half,2989542,3143459,,,,0,,,,0.0,0.0
15,0,Tom Alexander Rothe,DLM,FCU-FCB,2nd half,2989542,3143459,,,,0,,,,0.0,0.0
6,0,Aljoscha Kemlein,DMZ,FCU-FCB,2nd half,2989542,3143459,63.23191390898166,64.13773955496032,16.414244048157002,153918,57.518060557783066,37.68444186526998,96.3978570876248,51.306000000000004,1.0
39,0,Derrick Arthur Köhn,LV,FCU-FCB,2nd half,2989542,3143459,,,,0,,,,0.0,0.0
