jersey,team,match_id,phase_label,narrative
6,0,SGE-FCB,1st half,"Oscar Winther Höjlund's Awareness Index (AWI) of 26.9 scans per minute significantly outperforms the league average of 15.6 scans per minute, ranking #1 among 400 players. This exceptional cognitive awareness allows him to quickly assess and react to dynamic game situations, making him a formidable presence in defensive midfield. His superior scanning ability indicates a proactive approach in identifying and intercepting threats, which should be leveraged by encouraging him to maintain this high level of vigilance even in less pressured scenarios to fortify our overall defense.

Oscar's Pressure Quality Index (PQI) of 63.9 reveals a generally effective pressing strategy, particularly strong in proximity (96.0), indicating he is adept at closing down opponents efficiently. However, his orientation (59.0) and stance (38.1) scores suggest room for improvement in positioning and body posture during pressures. Focusing on enhancing these aspects can help Oscar become more disruptive in the opponent’s build-up play, making our pressing more cohesive and effective."
16,1,SGE-FCU,1st half,"Hugo Larsson's Awareness Index (AWI) of 26.3 scans per minute indicates an exceptional cognitive awareness style, significantly outperforming the league average of 15.6 scans per minute and placing him at #2 among 400 players. This high AWI score suggests Larsson maintains a superior spatial awareness and decision-making ability, effectively anticipating opponents' movements and identifying potential threats or opportunities. Coaches should leverage his acute awareness to enhance team defensive strategies, potentially by positioning him in roles requiring quick threat neutralization.

Larsson's Pressure Quality Index (PQI) of 61.0 reveals effective pressing mechanics, particularly in proximity, scoring 96.1, but with room for improvement in orientation and stance. While his close engagement with opponents is exemplary, focusing on enhancing his orientation and stance, potentially through targeted drills and feedback, could further elevate his pressing effectiveness and overall defensive contribution."
6,1,FCU-FCB,1st half,"Joshua Kimmich’s Awareness Index (AWI) of 23.4 scans per minute, ranking #3 out of 400 players, indicates a superior cognitive awareness style. This data suggests that Kimmich processes and interprets on-field information at an elite level, significantly faster than his peers, allowing him to make split-second decisions effectively. His ability to rapidly assess and react to dynamic situations provides a significant advantage, particularly in maintaining defensive stability and facilitating timely transitions.

Kimmich’s Pressure Quality Index (PQI) of 59.5/100 reflects effective pressing mechanics, highlighted by a high proximity score of 95.7/100. However, lower scores in orientation (48.8) and stance (37.5) indicate room for improvement in pressing angles and body positioning. Coaches should focus on enhancing Kimmich’s orientation and stance to maximize his pressing efficiency, ensuring he applies pressure more effectively and reduces gaps for opposing attacks."
8,0,SGE-FCU,1st half,"Rani Khedira's Awareness Index (AWI) of 22.9 scans per minute not only places him in the top 4% among 400 players but also exceeds his position average by over 12 scans per minute, indicating a superior cognitive awareness style. This suggests Khedira has an exceptional ability to read the game, process information, and anticipate opponents' movements, making him an invaluable asset in disrupting the opposition's build-up play.

Khedira's Pressure Quality Index (PQI) of 60.5/100, with a particularly strong proximity score of 95.7/100, highlights effective pressing mechanics. However, the lower stance (36.9) and orientation (51.8) scores indicate room for improvement in positioning and directional awareness. To enhance his pressing effectiveness, focusing on stance and orientation training could significantly elevate his overall pressing quality."
6,0,SGE-FCB,2nd half,"Oscar Winther Höjlund's Awareness Index of 22.7 scans per minute places him in the top 5% of all players in the league, indicating a superior cognitive awareness style. This high AWI suggests that Höjlund is exceptionally adept at processing spatial information and making timely decisions, allowing him to anticipate and react to opponents' movements effectively. To leverage this strength, the coaching staff should focus on honing his decision-making under pressure in high-stakes situations.

Höjlund's Pressure Quality Index of 64.8, with a particularly strong Proximity score of 95.8, shows that he is very effective at maintaining close distance to opponents. However, lower scores in Orientation (62.0) and Stance (37.4) suggest room for improvement in positioning and body posture during the press. Coaching should emphasize better spatial orientation and stance to enhance the overall quality of his pressing efforts."
8,0,SGE-FCU,2nd half,"Rani Khedira's Awareness Index of 22.3 scans/min is exceptionally high, ranking him at #6 out of 400 players in the league. This suggests Khedira has superior cognitive awareness, processing and reacting to on-field information at an elite level. His ability to scan the field frequently allows him to anticipate plays, make quicker decisions, and effectively disrupt opponent strategies, making him a valuable asset in defensive midfield.

Khedira's Pressure Quality Index of 57.9/100 indicates room for improvement in his pressing mechanics. While his proximity score of 96.0/100 shows excellent positioning, his lower orientation (46.5/100) and stance (35.0/100) scores suggest he needs to refine his body positioning and stance to increase pressing effectiveness. Focusing on these areas can enhance his overall pressing efficiency and defensive contributions."
6,0,FCU-FCB,2nd half,"Aljoscha Kemlein's Awareness Index (AWI) of 21.9 scans per minute, significantly surpassing the league average of 15.6, indicates a high level of cognitive awareness and anticipation on the pitch. His rank of #7 among 400 players highlights his ability to efficiently process and react to game situations, crucial for a defensive midfielder. This suggests that Kemlein can effectively anticipate opponents' moves, allowing him to position himself optimally and mitigate threats.

Kemlein's Pressure Quality Index (PQI) of 63.2 reveals a solid pressing strategy, particularly in proximity (96.4), but with room for improvement in orientation (57.5) and stance (37.7). While he is excellent at closing down opponents quickly, enhancing his orientation and stance can improve the effectiveness of his pressure, ensuring he applies force in the right direction and maintains a strong defensive posture. Focusing on these aspects can elevate his overall pressing performance."
6,1,FCB-HSV,1st half,"Joshua Kimmich's Awareness Index of 21.8 scans per minute ranks him in the top 1% of all players, demonstrating exceptional cognitive awareness on the field. This suggests Kimmich has a highly developed spatial awareness and an innate ability to quickly process information, allowing him to anticipate opponents' movements and adjust his positioning effectively. His superior awareness is critical in breaking up opposition plays and initiating counter-attacks.

Kimmich's Pressure Quality Index of 64.7/100 indicates effective pressing mechanics, particularly in proximity, where he scored 96.0/100. However, areas for improvement lie in his orientation (61.5/100) and stance (37.6/100) scores, suggesting he could benefit from more consistent body positioning and better alignment to the ball and opponent. Focusing on these aspects in training can enhance his overall pressing effectiveness and ensure consistent high-pressure scenarios."
20,0,FCB-HSV,1st half,"Fábio Vieira's Awareness Index (AWI) of 21.3 scans per minute, ranking 9th out of 400 league players, suggests he possesses exceptional cognitive awareness, significantly above his position's average of 9.7 scans/min. This high AWI indicates Vieira is adept at processing spatial information and anticipating opponents' movements, which helps in effective decision-making. His cognitive awareness style allows him to dominate play in the midfield, creating opportunities for his team.

Vieira's Pressure Quality Index (PQI) of 60.1/100, with a strong proximity score of 95.2/100 but lower orientation (53.8/100) and stance (33.5/100) scores, reveals that while he is excellent at closing down opponents quickly, his pressing mechanics need refinement. Enhancing his orientation and stance will improve his ability to disrupt plays effectively. Focusing on these areas in training can elevate his overall pressing effectiveness."
6,1,FCB-HSV,2nd half,"Joshua Kimmich's Awareness Index (AWI) of 21.1 scans per minute, ranking 10th among 400 players, highlights his exceptional cognitive awareness, significantly surpassing his positional average by 10.7 scans/min. This suggests Kimmich processes spatial dynamics and potential threats at a superior rate, indicative of a highly alert and proactive player. Coaches should leverage his acute awareness to enhance defensive organization, particularly in high-pressure situations where his ability to read the game can be crucial.

Kimmich's Pressure Quality Index (PQI) of 65.7 indicates solid overall pressing mechanics, with a particularly strong proximity score of 96.7. However, lower scores in orientation (62.7) and stance (38.6) suggest room for improvement in pressing angles and body positioning. Focusing on these aspects in training can elevate his pressing efficiency, ensuring he applies pressure more effectively and reduces opponent recovery opportunities."
